week,team_name,score,opponent,opponent_score,projected
1,small sample size,81.55,Guntry Club,92.93,82.01
1,Guntry Club,92.93,small sample size,81.55,75.08
1,Bears,114.5,This Is How We Do,97.85,78.88
1,This Is How We Do,97.85,Bears,114.5,74.45
1,Futball in the Groin,115.38,“I’ll take Kittle”,100.35,84.82
1,“I’ll take Kittle”,100.35,Futball in the Groin,115.38,83.39
1,Fuzzy Bears,69.18,team old style,98.21,85.49
1,team old style,98.21,Fuzzy Bears,69.18,84.94
1,Goood Times,98.73,Mean Machine 22,56.77,81.14
1,Mean Machine 22,56.77,Goood Times,98.73,77.1
1,Guinness,70.91,miniDITKAS,77.88,80.49
1,miniDITKAS,77.88,Guinness,70.91,76.48
2,small sample size,107.33,Fuzzy Bears,84.09,83.99
2,Fuzzy Bears,84.09,small sample size,107.33,81.36
2,Bears,96.04,Goood Times,94.31,81.44
2,Goood Times,94.31,Bears,96.04,86.86
2,Futball in the Groin,67.15,Guinness,69.44,83.78
2,Guinness,69.44,Futball in the Groin,67.15,70.26
2,Guntry Club,57.76,team old style,98.68,74.44
2,team old style,98.68,Guntry Club,57.76,84.68
2,Mean Machine 22,53.12,This Is How We Do,66.73,82.92
2,This Is How We Do,66.73,Mean Machine 22,53.12,79.37
2,miniDITKAS,105.99,“I’ll take Kittle”,58.75,76.02
2,“I’ll take Kittle”,58.75,miniDITKAS,105.99,81.74
3,small sample size,81.47,team old style,64.41,85.42
3,team old style,64.41,small sample size,81.47,83.42
3,Bears,80.1,Mean Machine 22,86.22,81.57
3,Mean Machine 22,86.22,Bears,80.1,73.93
3,Futball in the Groin,117.02,miniDITKAS,101.95,89.59
3,miniDITKAS,101.95,Futball in the Groin,117.02,81.88
3,Fuzzy Bears,87.44,Guntry Club,52.03,82.24
3,Guntry Club,52.03,Fuzzy Bears,87.44,72.44
3,Goood Times,48.28,This Is How We Do,80.04,84.58
3,This Is How We Do,80.04,Goood Times,48.28,72.36
3,Guinness,64.2,“I’ll take Kittle”,74.41,79.73
3,“I’ll take Kittle”,74.41,Guinness,64.2,78.84
